{"cameraMode":{"drawMode":0,"name":"Shaded","section":"Shading Mode"},"sceneLighting":true,"audioPlay":false,"sceneViewState":{"showFog":true,"showMaterialUpdate":false,"showSkybox":true,"showFlares":true,"showImageEffects":true,"showParticleSystems":true},"in2DMode":false,"pivot":{"x":25.943012237548829,"y":7.797242164611816,"z":2.5250155925750734},"rotation":{"x":0.11030573397874832,"y":0.7119876146316528,"z":-0.11483683437108994,"w":0.6839323043823242},"size":22.560504913330079,"orthographic":false}