{"cameraMode":{"drawMode":0,"name":"Shaded","section":"Shading Mode"},"sceneLighting":true,"audioPlay":false,"sceneViewState":{"showFog":true,"showMaterialUpdate":false,"showSkybox":true,"showFlares":true,"showImageEffects":true,"showParticleSystems":true},"in2DMode":false,"pivot":{"x":12.271934509277344,"y":1.8536813259124756,"z":-66.04345703125},"rotation":{"x":0.03442235663533211,"y":0.9247537851333618,"z":-0.3691549301147461,"w":0.08624304085969925},"size":44.815452575683597,"orthographic":false}