{"cameraMode":{"drawMode":0,"name":"Shaded","section":"Shading Mode"},"sceneLighting":true,"audioPlay":false,"sceneViewState":{"showFog":true,"showMaterialUpdate":true,"showSkybox":true,"showFlares":true,"showImageEffects":true,"showParticleSystems":true},"in2DMode":false,"pivot":{"x":16.225730895996095,"y":-11.77568244934082,"z":37.15997314453125},"rotation":{"x":0.2971368730068207,"y":0.02692536450922489,"z":-0.00835108757019043,"w":0.9544411301612854},"size":39.80122756958008,"orthographic":false}